date,Avg_Anomaly_deg_C
1880-01-31,-0.17
1880-02-29,-0.24
1880-03-31,-0.09
1880-04-30,-0.16
1880-05-31,-0.09
1880-06-30,-0.2
1880-07-31,-0.17
1880-08-31,-0.09
1880-09-30,-0.14
1880-10-31,-0.23
1880-11-30,-0.21
1880-12-31,-0.17
1881-01-31,-0.19
1881-02-28,-0.13
1881-03-31,0.04
1881-04-30,0.06
1881-05-31,0.07
1881-06-30,-0.18
1881-07-31,0.01
1881-08-31,-0.02
1881-09-30,-0.14
1881-10-31,-0.21
1881-11-30,-0.18
1881-12-31,-0.06
1882-01-31,0.17
1882-02-28,0.15
1882-03-31,0.05
1882-04-30,-0.16
1882-05-31,-0.14
1882-06-30,-0.22
1882-07-31,-0.15
1882-08-31,-0.06
1882-09-30,-0.14
1882-10-31,-0.23
1882-11-30,-0.15
1882-12-31,-0.35
1883-01-31,-0.28
1883-02-28,-0.36
1883-03-31,-0.12
1883-04-30,-0.17
1883-05-31,-0.17
1883-06-30,-0.07
1883-07-31,-0.06
1883-08-31,-0.13
1883-09-30,-0.2
1883-10-31,-0.1
1883-11-30,-0.22
1883-12-31,-0.1
1884-01-31,-0.12
1884-02-29,-0.07
1884-03-31,-0.35
1884-04-30,-0.39
1884-05-31,-0.34
1884-06-30,-0.35
1884-07-31,-0.31
1884-08-31,-0.26
1884-09-30,-0.26
1884-10-31,-0.24
1884-11-30,-0.32
1884-12-31,-0.3
1885-01-31,-0.58
1885-02-28,-0.32
1885-03-31,-0.25
1885-04-30,-0.41
1885-05-31,-0.44
1885-06-30,-0.42
1885-07-31,-0.32
1885-08-31,-0.29
1885-09-30,-0.27
1885-10-31,-0.22
1885-11-30,-0.22
1885-12-31,-0.09
1886-01-31,-0.42
1886-02-28,-0.49
1886-03-31,-0.42
1886-04-30,-0.27
1886-05-31,-0.23
1886-06-30,-0.33
1886-07-31,-0.17
1886-08-31,-0.29
1886-09-30,-0.23
1886-10-31,-0.26
1886-11-30,-0.26
1886-12-31,-0.24
1887-01-31,-0.7
1887-02-28,-0.55
1887-03-31,-0.34
1887-04-30,-0.33
1887-05-31,-0.29
1887-06-30,-0.23
1887-07-31,-0.24
1887-08-31,-0.34
1887-09-30,-0.24
1887-10-31,-0.34
1887-11-30,-0.25
1887-12-31,-0.32
1888-01-31,-0.33
1888-02-29,-0.35
1888-03-31,-0.4
1888-04-30,-0.19
1888-05-31,-0.21
1888-06-30,-0.16
1888-07-31,-0.09
1888-08-31,-0.14
1888-09-30,-0.11
1888-10-31,0.03
1888-11-30,0.04
1888-12-31,-0.03
1889-01-31,-0.07
1889-02-28,0.18
1889-03-31,0.07
1889-04-30,0.1
1889-05-31,0
1889-06-30,-0.09
1889-07-31,-0.07
1889-08-31,-0.19
1889-09-30,-0.23
1889-10-31,-0.25
1889-11-30,-0.32
1889-12-31,-0.28
1890-01-31,-0.41
1890-02-28,-0.45
1890-03-31,-0.39
1890-04-30,-0.29
1890-05-31,-0.39
1890-06-30,-0.24
1890-07-31,-0.27
1890-08-31,-0.38
1890-09-30,-0.36
1890-10-31,-0.24
1890-11-30,-0.43
1890-12-31,-0.3
1891-01-31,-0.33
1891-02-28,-0.46
1891-03-31,-0.17
1891-04-30,-0.26
1891-05-31,-0.16
1891-06-30,-0.2
1891-07-31,-0.17
1891-08-31,-0.16
1891-09-30,-0.15
1891-10-31,-0.21
1891-11-30,-0.3
1891-12-31,-0.04
1892-01-31,-0.28
1892-02-29,-0.1
1892-03-31,-0.39
1892-04-30,-0.32
1892-05-31,-0.23
1892-06-30,-0.21
1892-07-31,-0.31
1892-08-31,-0.26
1892-09-30,-0.16
1892-10-31,-0.13
1892-11-30,-0.41
1892-12-31,-0.37
1893-01-31,-0.8
1893-02-28,-0.55
1893-03-31,-0.21
1893-04-30,-0.26
1893-05-31,-0.34
1893-06-30,-0.25
1893-07-31,-0.13
1893-08-31,-0.24
1893-09-30,-0.22
1893-10-31,-0.18
1893-11-30,-0.18
1893-12-31,-0.31
1894-01-31,-0.51
1894-02-28,-0.28
1894-03-31,-0.22
1894-04-30,-0.44
1894-05-31,-0.3
1894-06-30,-0.39
1894-07-31,-0.23
1894-08-31,-0.23
1894-09-30,-0.27
1894-10-31,-0.22
1894-11-30,-0.24
1894-12-31,-0.19
1895-01-31,-0.39
1895-02-28,-0.41
1895-03-31,-0.31
1895-04-30,-0.2
1895-05-31,-0.26
1895-06-30,-0.19
1895-07-31,-0.16
1895-08-31,-0.15
1895-09-30,-0.11
1895-10-31,-0.1
1895-11-30,-0.15
1895-12-31,-0.13
1896-01-31,-0.2
1896-02-29,-0.11
1896-03-31,-0.25
1896-04-30,-0.29
1896-05-31,-0.15
1896-06-30,-0.1
1896-07-31,-0.01
1896-08-31,-0.04
1896-09-30,-0.06
1896-10-31,0.08
1896-11-30,-0.03
1896-12-31,-0.03
1897-01-31,-0.13
1897-02-28,-0.16
1897-03-31,-0.12
1897-04-30,-0.01
1897-05-31,0
1897-06-30,-0.1
1897-07-31,-0.01
1897-08-31,-0.08
1897-09-30,-0.07
1897-10-31,-0.11
1897-11-30,-0.17
1897-12-31,-0.19
1898-01-31,0
1898-02-28,-0.28
1898-03-31,-0.48
1898-04-30,-0.28
1898-05-31,-0.28
1898-06-30,-0.17
1898-07-31,-0.2
1898-08-31,-0.24
1898-09-30,-0.2
1898-10-31,-0.33
1898-11-30,-0.36
1898-12-31,-0.22
1899-01-31,-0.15
1899-02-28,-0.37
1899-03-31,-0.36
1899-04-30,-0.19
1899-05-31,-0.22
1899-06-30,-0.31
1899-07-31,-0.14
1899-08-31,-0.06
1899-09-30,-0.03
1899-10-31,-0.03
1899-11-30,0.14
1899-12-31,-0.24
1/31/1900,-0.34
2/28/1900,-0.04
3/31/1900,0.02
4/30/1900,-0.07
5/31/1900,-0.07
6/30/1900,-0.08
7/31/1900,-0.12
8/31/1900,-0.07
9/30/1900,-0.04
10/31/1900,0.11
11/30/1900,-0.05
12/31/1900,-0.05
1/31/1901,-0.22
2/28/1901,-0.09
3/31/1901,0.07
4/30/1901,-0.01
5/31/1901,-0.15
6/30/1901,-0.11
7/31/1901,-0.13
8/31/1901,-0.19
9/30/1901,-0.21
10/31/1901,-0.27
11/30/1901,-0.16
12/31/1901,-0.27
1/31/1902,-0.17
2/28/1902,-0.05
3/31/1902,-0.27
4/30/1902,-0.26
5/31/1902,-0.3
6/30/1902,-0.3
7/31/1902,-0.27
8/31/1902,-0.28
9/30/1902,-0.28
10/31/1902,-0.28
11/30/1902,-0.34
12/31/1902,-0.4
1/31/1903,-0.22
2/28/1903,-0.04
3/31/1903,-0.21
4/30/1903,-0.4
5/31/1903,-0.39
6/30/1903,-0.41
7/31/1903,-0.34
8/31/1903,-0.44
9/30/1903,-0.49
10/31/1903,-0.47
11/30/1903,-0.41
12/31/1903,-0.5
1/31/1904,-0.63
2/29/1904,-0.57
3/31/1904,-0.47
4/30/1904,-0.49
5/31/1904,-0.51
6/30/1904,-0.47
7/31/1904,-0.5
8/31/1904,-0.48
9/30/1904,-0.55
10/31/1904,-0.39
11/30/1904,-0.17
12/31/1904,-0.33
1/31/1905,-0.34
2/28/1905,-0.59
3/31/1905,-0.21
4/30/1905,-0.32
5/31/1905,-0.29
6/30/1905,-0.27
7/31/1905,-0.26
8/31/1905,-0.2
9/30/1905,-0.19
10/31/1905,-0.24
11/30/1905,-0.06
12/31/1905,-0.12
1/31/1906,-0.27
2/28/1906,-0.29
3/31/1906,-0.17
4/30/1906,-0.04
5/31/1906,-0.25
6/30/1906,-0.19
7/31/1906,-0.23
8/31/1906,-0.19
9/30/1906,-0.28
10/31/1906,-0.19
11/30/1906,-0.36
12/31/1906,-0.14
1/31/1907,-0.42
2/28/1907,-0.5
3/31/1907,-0.27
4/30/1907,-0.36
5/31/1907,-0.46
6/30/1907,-0.41
7/31/1907,-0.35
8/31/1907,-0.34
9/30/1907,-0.34
10/31/1907,-0.23
11/30/1907,-0.47
12/31/1907,-0.47
1/31/1908,-0.44
2/29/1908,-0.32
3/31/1908,-0.56
4/30/1908,-0.44
5/31/1908,-0.37
6/30/1908,-0.38
7/31/1908,-0.35
8/31/1908,-0.46
9/30/1908,-0.36
10/31/1908,-0.44
11/30/1908,-0.51
12/31/1908,-0.49
1/31/1909,-0.72
2/28/1909,-0.46
3/31/1909,-0.55
4/30/1909,-0.59
5/31/1909,-0.55
6/30/1909,-0.52
7/31/1909,-0.45
8/31/1909,-0.34
9/30/1909,-0.38
10/31/1909,-0.4
11/30/1909,-0.33
12/31/1909,-0.56
1/31/1910,-0.43
2/28/1910,-0.41
3/31/1910,-0.5
4/30/1910,-0.43
5/31/1910,-0.34
6/30/1910,-0.38
7/31/1910,-0.34
8/31/1910,-0.36
9/30/1910,-0.39
10/31/1910,-0.41
11/30/1910,-0.54
12/31/1910,-0.67
1/31/1911,-0.62
2/28/1911,-0.57
3/31/1911,-0.61
4/30/1911,-0.53
5/31/1911,-0.51
6/30/1911,-0.49
7/31/1911,-0.41
8/31/1911,-0.43
9/30/1911,-0.41
10/31/1911,-0.26
11/30/1911,-0.21
12/31/1911,-0.21
1/31/1912,-0.25
2/29/1912,-0.13
3/31/1912,-0.37
4/30/1912,-0.17
5/31/1912,-0.21
6/30/1912,-0.23
7/31/1912,-0.42
8/31/1912,-0.54
9/30/1912,-0.57
10/31/1912,-0.57
11/30/1912,-0.39
12/31/1912,-0.43
1/31/1913,-0.4
2/28/1913,-0.45
3/31/1913,-0.43
4/30/1913,-0.39
5/31/1913,-0.44
6/30/1913,-0.45
7/31/1913,-0.36
8/31/1913,-0.32
9/30/1913,-0.34
10/31/1913,-0.32
11/30/1913,-0.2
12/31/1913,-0.02
1/31/1914,0.05
2/28/1914,-0.09
3/31/1914,-0.24
4/30/1914,-0.29
5/31/1914,-0.21
6/30/1914,-0.25
7/31/1914,-0.24
8/31/1914,-0.16
9/30/1914,-0.17
10/31/1914,-0.03
11/30/1914,-0.15
12/31/1914,-0.04
1/31/1915,-0.21
2/28/1915,-0.03
3/31/1915,-0.09
4/30/1915,0.06
5/31/1915,-0.06
6/30/1915,-0.22
7/31/1915,-0.12
8/31/1915,-0.21
9/30/1915,-0.2
10/31/1915,-0.24
11/30/1915,-0.12
12/31/1915,-0.21
1/31/1916,-0.12
2/29/1916,-0.14
3/31/1916,-0.28
4/30/1916,-0.3
5/31/1916,-0.34
6/30/1916,-0.49
7/31/1916,-0.37
8/31/1916,-0.27
9/30/1916,-0.36
10/31/1916,-0.32
11/30/1916,-0.46
12/31/1916,-0.81
1/31/1917,-0.57
2/28/1917,-0.63
3/31/1917,-0.64
4/30/1917,-0.55
5/31/1917,-0.55
6/30/1917,-0.43
7/31/1917,-0.25
8/31/1917,-0.22
9/30/1917,-0.23
10/31/1917,-0.44
11/30/1917,-0.34
12/31/1917,-0.67
1/31/1918,-0.47
2/28/1918,-0.34
3/31/1918,-0.25
4/30/1918,-0.44
5/31/1918,-0.43
6/30/1918,-0.36
7/31/1918,-0.31
8/31/1918,-0.31
9/30/1918,-0.18
10/31/1918,-0.06
11/30/1918,-0.11
12/31/1918,-0.29
1/31/1919,-0.2
2/28/1919,-0.24
3/31/1919,-0.21
4/30/1919,-0.12
5/31/1919,-0.28
6/30/1919,-0.36
7/31/1919,-0.29
8/31/1919,-0.33
9/30/1919,-0.26
10/31/1919,-0.2
11/30/1919,-0.41
12/31/1919,-0.42
1/31/1920,-0.24
2/29/1920,-0.27
3/31/1920,-0.12
4/30/1920,-0.24
5/31/1920,-0.27
6/30/1920,-0.36
7/31/1920,-0.3
8/31/1920,-0.27
9/30/1920,-0.22
10/31/1920,-0.26
11/30/1920,-0.26
12/31/1920,-0.46
1/31/1921,-0.04
2/28/1921,-0.17
3/31/1921,-0.23
4/30/1921,-0.3
5/31/1921,-0.3
6/30/1921,-0.27
7/31/1921,-0.15
8/31/1921,-0.26
9/30/1921,-0.19
10/31/1921,-0.03
11/30/1921,-0.13
12/31/1921,-0.17
1/31/1922,-0.33
2/28/1922,-0.44
3/31/1922,-0.15
4/30/1922,-0.23
5/31/1922,-0.33
6/30/1922,-0.3
7/31/1922,-0.27
8/31/1922,-0.32
9/30/1922,-0.36
10/31/1922,-0.32
11/30/1922,-0.14
12/31/1922,-0.18
1/31/1923,-0.28
2/28/1923,-0.39
3/31/1923,-0.34
4/30/1923,-0.41
5/31/1923,-0.33
6/30/1923,-0.29
7/31/1923,-0.3
8/31/1923,-0.32
9/30/1923,-0.31
10/31/1923,-0.13
11/30/1923,-0.02
12/31/1923,-0.04
1/31/1924,-0.23
2/29/1924,-0.24
3/31/1924,-0.08
4/30/1924,-0.31
5/31/1924,-0.18
6/30/1924,-0.26
7/31/1924,-0.29
8/31/1924,-0.36
9/30/1924,-0.32
10/31/1924,-0.35
11/30/1924,-0.21
12/31/1924,-0.43
1/31/1925,-0.38
2/28/1925,-0.4
3/31/1925,-0.27
4/30/1925,-0.25
5/31/1925,-0.29
6/30/1925,-0.32
7/31/1925,-0.26
8/31/1925,-0.19
9/30/1925,-0.19
10/31/1925,-0.17
11/30/1925,0.05
12/31/1925,0.06
1/31/1926,0.21
2/28/1926,0.03
3/31/1926,0.11
4/30/1926,-0.12
5/31/1926,-0.23
6/30/1926,-0.26
7/31/1926,-0.27
8/31/1926,-0.13
9/30/1926,-0.14
10/31/1926,-0.11
11/30/1926,-0.06
12/31/1926,-0.29
1/31/1927,-0.27
2/28/1927,-0.18
3/31/1927,-0.38
4/30/1927,-0.31
5/31/1927,-0.25
6/30/1927,-0.27
7/31/1927,-0.18
8/31/1927,-0.24
9/30/1927,-0.13
10/31/1927,-0.01
11/30/1927,-0.06
12/31/1927,-0.33
1/31/1928,-0.02
2/29/1928,-0.09
3/31/1928,-0.25
4/30/1928,-0.27
5/31/1928,-0.29
6/30/1928,-0.38
7/31/1928,-0.19
8/31/1928,-0.22
9/30/1928,-0.21
10/31/1928,-0.19
11/30/1928,-0.09
12/31/1928,-0.16
1/31/1929,-0.45
2/28/1929,-0.58
3/31/1929,-0.33
4/30/1929,-0.4
5/31/1929,-0.38
6/30/1929,-0.43
7/31/1929,-0.36
8/31/1929,-0.32
9/30/1929,-0.25
10/31/1929,-0.14
11/30/1929,-0.11
12/31/1929,-0.54
1/31/1930,-0.29
2/28/1930,-0.27
3/31/1930,-0.11
4/30/1930,-0.24
5/31/1930,-0.24
6/30/1930,-0.21
7/31/1930,-0.21
8/31/1930,-0.15
9/30/1930,-0.15
10/31/1930,-0.11
11/30/1930,0.18
12/31/1930,-0.05
1/31/1931,-0.1
2/28/1931,-0.21
3/31/1931,-0.1
4/30/1931,-0.22
5/31/1931,-0.19
6/30/1931,-0.08
7/31/1931,-0.04
8/31/1931,-0.03
9/30/1931,-0.07
10/31/1931,0.05
11/30/1931,-0.05
12/31/1931,-0.05
1/31/1932,0.15
2/29/1932,-0.17
3/31/1932,-0.18
4/30/1932,-0.05
5/31/1932,-0.17
6/30/1932,-0.29
7/31/1932,-0.25
8/31/1932,-0.21
9/30/1932,-0.1
10/31/1932,-0.09
11/30/1932,-0.27
12/31/1932,-0.26
1/31/1933,-0.23
2/28/1933,-0.29
3/31/1933,-0.29
4/30/1933,-0.25
5/31/1933,-0.29
6/30/1933,-0.34
7/31/1933,-0.21
8/31/1933,-0.23
9/30/1933,-0.29
10/31/1933,-0.25
11/30/1933,-0.3
12/31/1933,-0.44
1/31/1934,-0.21
2/28/1934,-0.03
3/31/1934,-0.29
4/30/1934,-0.31
5/31/1934,-0.1
6/30/1934,-0.15
7/31/1934,-0.11
8/31/1934,-0.12
9/30/1934,-0.16
10/31/1934,-0.06
11/30/1934,0.04
12/31/1934,-0.02
1/31/1935,-0.33
2/28/1935,0.14
3/31/1935,-0.14
4/30/1935,-0.36
5/31/1935,-0.29
6/30/1935,-0.27
7/31/1935,-0.22
8/31/1935,-0.22
9/30/1935,-0.21
10/31/1935,-0.05
11/30/1935,-0.26
12/31/1935,-0.17
1/31/1936,-0.28
2/29/1936,-0.38
3/31/1936,-0.21
4/30/1936,-0.2
5/31/1936,-0.17
6/30/1936,-0.22
7/31/1936,-0.1
8/31/1936,-0.13
9/30/1936,-0.09
10/31/1936,-0.03
11/30/1936,0.01
12/31/1936,-0.01
1/31/1937,-0.07
2/28/1937,0.03
3/31/1937,-0.21
4/30/1937,-0.16
5/31/1937,-0.05
6/30/1937,-0.05
7/31/1937,-0.04
8/31/1937,0.02
9/30/1937,0.09
10/31/1937,0.09
11/30/1937,0.08
12/31/1937,-0.07
1/31/1938,0.08
2/28/1938,0.03
3/31/1938,0.09
4/30/1938,0.06
5/31/1938,-0.1
6/30/1938,-0.17
7/31/1938,-0.09
8/31/1938,-0.05
9/30/1938,0
10/31/1938,0.15
11/30/1938,0.08
12/31/1938,-0.12
1/31/1939,-0.05
2/28/1939,-0.06
3/31/1939,-0.17
4/30/1939,-0.09
5/31/1939,-0.04
6/30/1939,-0.07
7/31/1939,-0.06
8/31/1939,-0.06
9/30/1939,-0.07
10/31/1939,-0.03
11/30/1939,0.07
12/31/1939,0.44
1/31/1940,0
2/29/1940,0.08
3/31/1940,0.09
4/30/1940,0.18
5/31/1940,0.11
6/30/1940,0.12
7/31/1940,0.12
8/31/1940,0.07
9/30/1940,0.15
10/31/1940,0.12
11/30/1940,0.17
12/31/1940,0.32
1/31/1941,0.18
2/28/1941,0.31
3/31/1941,0.1
4/30/1941,0.16
5/31/1941,0.17
6/30/1941,0.13
7/31/1941,0.22
8/31/1941,0.15
9/30/1941,0.02
10/31/1941,0.35
11/30/1941,0.23
12/31/1941,0.22
1/31/1942,0.3
2/28/1942,0.03
3/31/1942,0.05
4/30/1942,0.1
5/31/1942,0.11
6/30/1942,0.05
7/31/1942,0.01
8/31/1942,-0.03
9/30/1942,-0.03
10/31/1942,0.02
11/30/1942,0.1
12/31/1942,0.13
1/31/1943,-0.01
2/28/1943,0.17
3/31/1943,-0.03
4/30/1943,0.11
5/31/1943,0.07
6/30/1943,-0.05
7/31/1943,0.08
8/31/1943,0.01
9/30/1943,0.05
10/31/1943,0.23
11/30/1943,0.2
12/31/1943,0.24
1/31/1944,0.36
2/29/1944,0.24
3/31/1944,0.26
4/30/1944,0.19
5/31/1944,0.18
6/30/1944,0.16
7/31/1944,0.18
8/31/1944,0.18
9/30/1944,0.28
10/31/1944,0.26
11/30/1944,0.11
12/31/1944,0.04
1/31/1945,0.1
2/28/1945,0
3/31/1945,0.06
4/30/1945,0.19
5/31/1945,0.05
6/30/1945,0
7/31/1945,0.03
8/31/1945,0.26
9/30/1945,0.2
10/31/1945,0.18
11/30/1945,0.07
12/31/1945,-0.07
1/31/1946,0.15
2/28/1946,0.02
3/31/1946,0.01
4/30/1946,0.05
5/31/1946,-0.07
6/30/1946,-0.21
7/31/1946,-0.13
8/31/1946,-0.2
9/30/1946,-0.08
10/31/1946,-0.08
11/30/1946,-0.05
12/31/1946,-0.31
1/31/1947,-0.07
2/28/1947,-0.08
3/31/1947,0.06
4/30/1947,0.06
5/31/1947,-0.02
6/30/1947,-0.02
7/31/1947,-0.04
8/31/1947,-0.07
9/30/1947,-0.13
10/31/1947,0.07
11/30/1947,0.03
12/31/1947,-0.14
1/31/1948,0.06
2/29/1948,-0.15
3/31/1948,-0.25
4/30/1948,-0.12
5/31/1948,-0.01
6/30/1948,-0.05
7/31/1948,-0.11
8/31/1948,-0.12
9/30/1948,-0.15
10/31/1948,-0.05
11/30/1948,-0.12
12/31/1948,-0.24
1/31/1949,0.07
2/28/1949,-0.14
3/31/1949,-0.02
4/30/1949,-0.11
5/31/1949,-0.1
6/30/1949,-0.27
7/31/1949,-0.13
8/31/1949,-0.13
9/30/1949,-0.15
10/31/1949,-0.06
11/30/1949,-0.1
12/31/1949,-0.18
1/31/1950,-0.26
2/28/1950,-0.27
3/31/1950,-0.08
4/30/1950,-0.21
5/31/1950,-0.11
6/30/1950,-0.05
7/31/1950,-0.09
8/31/1950,-0.16
9/30/1950,-0.11
10/31/1950,-0.2
11/30/1950,-0.34
12/31/1950,-0.21
1/31/1951,-0.34
2/28/1951,-0.41
3/31/1951,-0.2
4/30/1951,-0.14
5/31/1951,0
6/30/1951,-0.06
7/31/1951,-0.01
8/31/1951,0.06
9/30/1951,0.05
10/31/1951,0.08
11/30/1951,-0.01
12/31/1951,0.16
1/31/1952,0.11
2/29/1952,0.11
3/31/1952,-0.08
4/30/1952,0.03
5/31/1952,-0.03
6/30/1952,-0.03
7/31/1952,0.04
8/31/1952,0.05
9/30/1952,0.07
10/31/1952,0
11/30/1952,-0.13
12/31/1952,-0.02
1/31/1953,0.07
2/28/1953,0.15
3/31/1953,0.11
4/30/1953,0.19
5/31/1953,0.11
6/30/1953,0.11
7/31/1953,0.01
8/31/1953,0.05
9/30/1953,0.04
10/31/1953,0.08
11/30/1953,-0.03
12/31/1953,0.05
1/31/1954,-0.24
2/28/1954,-0.1
3/31/1954,-0.15
4/30/1954,-0.14
5/31/1954,-0.2
6/30/1954,-0.18
7/31/1954,-0.19
8/31/1954,-0.17
9/30/1954,-0.1
10/31/1954,-0.02
11/30/1954,0.08
12/31/1954,-0.18
1/31/1955,0.13
2/28/1955,-0.16
3/31/1955,-0.32
4/30/1955,-0.22
5/31/1955,-0.2
6/30/1955,-0.14
7/31/1955,-0.12
8/31/1955,0.02
9/30/1955,-0.11
10/31/1955,-0.05
11/30/1955,-0.25
12/31/1955,-0.28
1/31/1956,-0.13
2/29/1956,-0.24
3/31/1956,-0.21
4/30/1956,-0.28
5/31/1956,-0.29
6/30/1956,-0.16
7/31/1956,-0.09
8/31/1956,-0.26
9/30/1956,-0.19
10/31/1956,-0.23
11/30/1956,-0.14
12/31/1956,-0.06
1/31/1957,-0.09
2/28/1957,-0.03
3/31/1957,-0.04
4/30/1957,0.01
5/31/1957,0.1
6/30/1957,0.16
7/31/1957,0.03
8/31/1957,0.13
9/30/1957,0.08
10/31/1957,0
11/30/1957,0.07
12/31/1957,0.15
1/31/1958,0.39
2/28/1958,0.21
3/31/1958,0.09
4/30/1958,0.01
5/31/1958,0.05
6/30/1958,-0.07
7/31/1958,0.06
8/31/1958,-0.03
9/30/1958,-0.02
10/31/1958,0.04
11/30/1958,0.02
12/31/1958,0.01
1/31/1959,0.08
2/28/1959,0.07
3/31/1959,0.17
4/30/1959,0.14
5/31/1959,0.05
6/30/1959,0.03
7/31/1959,0.03
8/31/1959,0
9/30/1959,-0.06
10/31/1959,-0.06
11/30/1959,-0.08
12/31/1959,0
1/31/1960,0
2/29/1960,0.15
3/31/1960,-0.34
4/30/1960,-0.15
5/31/1960,-0.07
6/30/1960,-0.04
7/31/1960,-0.04
8/31/1960,0.03
9/30/1960,0.06
10/31/1960,0.05
11/30/1960,-0.11
12/31/1960,0.19
1/31/1961,0.07
2/28/1961,0.19
3/31/1961,0.1
4/30/1961,0.12
5/31/1961,0.13
6/30/1961,0.11
7/31/1961,0.01
8/31/1961,0.01
9/30/1961,0.08
10/31/1961,0.02
11/30/1961,0.03
12/31/1961,-0.16
1/31/1962,0.06
2/28/1962,0.15
3/31/1962,0.11
4/30/1962,0.06
5/31/1962,-0.07
6/30/1962,0.05
7/31/1962,0.02
8/31/1962,-0.02
9/30/1962,0.02
10/31/1962,0.02
11/30/1962,0.06
12/31/1962,-0.02
1/31/1963,-0.03
2/28/1963,0.19
3/31/1963,-0.13
4/30/1963,-0.07
5/31/1963,-0.06
6/30/1963,0.03
7/31/1963,0.07
8/31/1963,0.22
9/30/1963,0.18
10/31/1963,0.14
11/30/1963,0.14
12/31/1963,-0.03
1/31/1964,-0.09
2/29/1964,-0.1
3/31/1964,-0.22
4/30/1964,-0.32
5/31/1964,-0.25
6/30/1964,-0.04
7/31/1964,-0.05
8/31/1964,-0.21
9/30/1964,-0.3
10/31/1964,-0.31
11/30/1964,-0.22
12/31/1964,-0.29
1/31/1965,-0.08
2/28/1965,-0.17
3/31/1965,-0.12
4/30/1965,-0.2
5/31/1965,-0.11
6/30/1965,-0.08
7/31/1965,-0.14
8/31/1965,-0.05
9/30/1965,-0.14
10/31/1965,-0.06
11/30/1965,-0.06
12/31/1965,-0.08
1/31/1966,-0.19
2/28/1966,-0.05
3/31/1966,0.03
4/30/1966,-0.14
5/31/1966,-0.12
6/30/1966,0
7/31/1966,0.08
8/31/1966,-0.08
9/30/1966,-0.03
10/31/1966,-0.16
11/30/1966,-0.01
12/31/1966,-0.03
1/31/1967,-0.08
2/28/1967,-0.21
3/31/1967,0.05
4/30/1967,-0.04
5/31/1967,0.11
6/30/1967,-0.08
7/31/1967,0.03
8/31/1967,-0.01
9/30/1967,-0.05
10/31/1967,0.1
11/30/1967,-0.04
12/31/1967,-0.05
1/31/1968,-0.26
2/29/1968,-0.15
3/31/1968,0.2
4/30/1968,-0.06
5/31/1968,-0.13
6/30/1968,-0.08
7/31/1968,-0.13
8/31/1968,-0.08
9/30/1968,-0.17
10/31/1968,0.09
11/30/1968,-0.05
12/31/1968,-0.14
1/31/1969,-0.11
2/28/1969,-0.17
3/31/1969,0.01
4/30/1969,0.17
5/31/1969,0.18
6/30/1969,0.04
7/31/1969,-0.04
8/31/1969,0.03
9/30/1969,0.08
10/31/1969,0.1
11/30/1969,0.12
12/31/1969,0.24
1/31/1970,0.08
2/28/1970,0.22
3/31/1970,0.06
4/30/1970,0.05
5/31/1970,-0.04
6/30/1970,-0.03
7/31/1970,0.01
8/31/1970,-0.1
9/30/1970,0.11
10/31/1970,0.03
11/30/1970,0.02
12/31/1970,-0.12
1/31/1971,-0.03
2/28/1971,-0.16
3/31/1971,-0.18
4/30/1971,-0.07
5/31/1971,-0.05
6/30/1971,-0.17
7/31/1971,-0.08
8/31/1971,-0.01
9/30/1971,-0.06
10/31/1971,-0.04
11/30/1971,-0.07
12/31/1971,-0.08
1/31/1972,-0.22
2/29/1972,-0.18
3/31/1972,0.02
4/30/1972,0.01
5/31/1972,-0.03
6/30/1972,0.04
7/31/1972,0.01
8/31/1972,0.16
9/30/1972,0.02
10/31/1972,0.08
11/30/1972,0.02
12/31/1972,0.17
1/31/1973,0.28
2/28/1973,0.33
3/31/1973,0.29
4/30/1973,0.27
5/31/1973,0.22
6/30/1973,0.19
7/31/1973,0.13
8/31/1973,0.05
9/30/1973,0.09
10/31/1973,0.1
11/30/1973,0.05
12/31/1973,-0.06
1/31/1974,-0.11
2/28/1974,-0.27
3/31/1974,-0.05
4/30/1974,-0.11
5/31/1974,-0.04
6/30/1974,-0.05
7/31/1974,-0.03
8/31/1974,0.1
9/30/1974,-0.08
10/31/1974,-0.06
11/30/1974,-0.07
12/31/1974,-0.08
1/31/1975,0.1
2/28/1975,0.08
3/31/1975,0.12
4/30/1975,0.04
5/31/1975,0.16
6/30/1975,-0.01
7/31/1975,-0.01
8/31/1975,-0.17
9/30/1975,-0.03
10/31/1975,-0.12
11/30/1975,-0.17
12/31/1975,-0.17
1/31/1976,-0.03
2/29/1976,-0.06
3/31/1976,-0.22
4/30/1976,-0.07
5/31/1976,-0.21
6/30/1976,-0.13
7/31/1976,-0.1
8/31/1976,-0.12
9/30/1976,-0.06
10/31/1976,-0.24
11/30/1976,-0.06
12/31/1976,0.11
1/31/1977,0.18
2/28/1977,0.22
3/31/1977,0.24
4/30/1977,0.27
5/31/1977,0.32
6/30/1977,0.27
7/31/1977,0.2
8/31/1977,0.18
9/30/1977,0.02
10/31/1977,0.03
11/30/1977,0.16
12/31/1977,0.03
1/31/1978,0.06
2/28/1978,0.1
3/31/1978,0.19
4/30/1978,0.17
5/31/1978,0.09
6/30/1978,-0.01
7/31/1978,0.04
8/31/1978,-0.13
9/30/1978,0.06
10/31/1978,0.03
11/30/1978,0.14
12/31/1978,0.08
1/31/1979,0.08
2/28/1979,-0.1
3/31/1979,0.19
4/30/1979,0.15
5/31/1979,0.03
6/30/1979,0.14
7/31/1979,0.04
8/31/1979,0.17
9/30/1979,0.25
10/31/1979,0.25
11/30/1979,0.29
12/31/1979,0.48
1/31/1980,0.3
2/29/1980,0.4
3/31/1980,0.3
4/30/1980,0.3
5/31/1980,0.35
6/30/1980,0.2
7/31/1980,0.22
8/31/1980,0.18
9/30/1980,0.2
10/31/1980,0.13
11/30/1980,0.3
12/31/1980,0.22
1/31/1981,0.52
2/28/1981,0.42
3/31/1981,0.48
4/30/1981,0.32
5/31/1981,0.24
6/30/1981,0.29
7/31/1981,0.32
8/31/1981,0.35
9/30/1981,0.15
10/31/1981,0.12
11/30/1981,0.23
12/31/1981,0.41
1/31/1982,0.05
2/28/1982,0.15
3/31/1982,0.03
4/30/1982,0.15
5/31/1982,0.18
6/30/1982,0.06
7/31/1982,0.14
8/31/1982,0.04
9/30/1982,0.14
10/31/1982,0.13
11/30/1982,0.17
12/31/1982,0.42
1/31/1983,0.53
2/28/1983,0.43
3/31/1983,0.41
4/30/1983,0.28
5/31/1983,0.33
6/30/1983,0.22
7/31/1983,0.18
8/31/1983,0.35
9/30/1983,0.37
10/31/1983,0.16
11/30/1983,0.3
12/31/1983,0.17
1/31/1984,0.31
2/29/1984,0.14
3/31/1984,0.26
4/30/1984,0.06
5/31/1984,0.32
6/30/1984,0.02
7/31/1984,0.19
8/31/1984,0.19
9/30/1984,0.21
10/31/1984,0.13
11/30/1984,0.07
12/31/1984,-0.04
1/31/1985,0.22
2/28/1985,-0.04
3/31/1985,0.17
4/30/1985,0.12
5/31/1985,0.14
6/30/1985,0.15
7/31/1985,0.04
8/31/1985,0.16
9/30/1985,0.13
10/31/1985,0.11
11/30/1985,0.05
12/31/1985,0.13
1/31/1986,0.27
2/28/1986,0.37
3/31/1986,0.3
4/30/1986,0.22
5/31/1986,0.21
6/30/1986,0.12
7/31/1986,0.11
8/31/1986,0.15
9/30/1986,0.03
10/31/1986,0.15
11/30/1986,0.11
12/31/1986,0.14
1/31/1987,0.32
2/28/1987,0.43
3/31/1987,0.18
4/30/1987,0.24
5/31/1987,0.25
6/30/1987,0.34
7/31/1987,0.4
8/31/1987,0.24
9/30/1987,0.35
10/31/1987,0.32
11/30/1987,0.29
12/31/1987,0.46
1/31/1988,0.56
2/29/1988,0.44
3/31/1988,0.51
4/30/1988,0.42
5/31/1988,0.43
6/30/1988,0.39
7/31/1988,0.32
8/31/1988,0.39
9/30/1988,0.36
10/31/1988,0.37
11/30/1988,0.12
12/31/1988,0.28
1/31/1989,0.12
2/28/1989,0.3
3/31/1989,0.36
4/30/1989,0.29
5/31/1989,0.17
6/30/1989,0.16
7/31/1989,0.34
8/31/1989,0.33
9/30/1989,0.35
10/31/1989,0.29
11/30/1989,0.19
12/31/1989,0.37
1/31/1990,0.41
2/28/1990,0.43
3/31/1990,0.8
4/30/1990,0.56
5/31/1990,0.45
6/30/1990,0.39
7/31/1990,0.46
8/31/1990,0.34
9/30/1990,0.23
10/31/1990,0.44
11/30/1990,0.47
12/31/1990,0.4
1/31/1991,0.42
2/28/1991,0.49
3/31/1991,0.35
4/30/1991,0.51
5/31/1991,0.34
6/30/1991,0.53
7/31/1991,0.47
8/31/1991,0.4
9/30/1991,0.44
10/31/1991,0.28
11/30/1991,0.29
12/31/1991,0.31
1/31/1992,0.47
2/29/1992,0.41
3/31/1992,0.47
4/30/1992,0.27
5/31/1992,0.3
6/30/1992,0.25
7/31/1992,0.08
8/31/1992,0.08
9/30/1992,-0.01
10/31/1992,0.06
11/30/1992,0.02
12/31/1992,0.21
1/31/1993,0.34
2/28/1993,0.37
3/31/1993,0.36
4/30/1993,0.27
5/31/1993,0.28
6/30/1993,0.23
7/31/1993,0.25
8/31/1993,0.11
9/30/1993,0.12
10/31/1993,0.23
11/30/1993,0.04
12/31/1993,0.18
1/31/1994,0.26
2/28/1994,0.02
3/31/1994,0.3
4/30/1994,0.4
5/31/1994,0.27
6/30/1994,0.43
7/31/1994,0.3
8/31/1994,0.22
9/30/1994,0.32
10/31/1994,0.41
11/30/1994,0.44
12/31/1994,0.38
1/31/1995,0.52
2/28/1995,0.79
3/31/1995,0.47
4/30/1995,0.46
5/31/1995,0.28
6/30/1995,0.42
7/31/1995,0.45
8/31/1995,0.46
9/30/1995,0.34
10/31/1995,0.47
11/30/1995,0.44
12/31/1995,0.25
1/31/1996,0.24
2/29/1996,0.46
3/31/1996,0.33
4/30/1996,0.32
5/31/1996,0.28
6/30/1996,0.25
7/31/1996,0.36
8/31/1996,0.48
9/30/1996,0.25
10/31/1996,0.19
11/30/1996,0.39
12/31/1996,0.37
1/31/1997,0.3
2/28/1997,0.41
3/31/1997,0.52
4/30/1997,0.35
5/31/1997,0.36
6/30/1997,0.54
7/31/1997,0.34
8/31/1997,0.43
9/30/1997,0.52
10/31/1997,0.6
11/30/1997,0.64
12/31/1997,0.58
1/31/1998,0.58
2/28/1998,0.87
3/31/1998,0.64
4/30/1998,0.64
5/31/1998,0.66
6/30/1998,0.76
7/31/1998,0.68
8/31/1998,0.66
9/30/1998,0.42
10/31/1998,0.42
11/30/1998,0.44
12/31/1998,0.56
1/31/1999,0.49
2/28/1999,0.65
3/31/1999,0.32
4/30/1999,0.33
5/31/1999,0.27
6/30/1999,0.36
7/31/1999,0.38
8/31/1999,0.32
9/30/1999,0.39
10/31/1999,0.34
11/30/1999,0.37
12/31/1999,0.42
1/31/2000,0.26
2/29/2000,0.56
3/31/2000,0.55
4/30/2000,0.57
5/31/2000,0.35
6/30/2000,0.39
7/31/2000,0.38
8/31/2000,0.42
9/30/2000,0.4
10/31/2000,0.28
11/30/2000,0.31
12/31/2000,0.29
1/31/2001,0.46
2/28/2001,0.44
3/31/2001,0.56
4/30/2001,0.51
5/31/2001,0.58
6/30/2001,0.52
7/31/2001,0.59
8/31/2001,0.5
9/30/2001,0.52
10/31/2001,0.51
11/30/2001,0.73
12/31/2001,0.56
1/31/2002,0.78
2/28/2002,0.79
3/31/2002,0.88
4/30/2002,0.58
5/31/2002,0.63
6/30/2002,0.53
7/31/2002,0.61
8/31/2002,0.53
9/30/2002,0.64
10/31/2002,0.54
11/30/2002,0.59
12/31/2002,0.44
1/31/2003,0.75
2/28/2003,0.58
3/31/2003,0.6
4/30/2003,0.55
5/31/2003,0.61
6/30/2003,0.48
7/31/2003,0.58
8/31/2003,0.65
9/30/2003,0.63
10/31/2003,0.74
11/30/2003,0.53
12/31/2003,0.75
1/31/2004,0.58
2/29/2004,0.73
3/31/2004,0.63
4/30/2004,0.61
5/31/2004,0.39
6/30/2004,0.44
7/31/2004,0.27
8/31/2004,0.47
9/30/2004,0.51
10/31/2004,0.61
11/30/2004,0.73
12/31/2004,0.51
1/31/2005,0.75
2/28/2005,0.6
3/31/2005,0.74
4/30/2005,0.68
5/31/2005,0.63
6/30/2005,0.65
7/31/2005,0.62
8/31/2005,0.62
9/30/2005,0.72
10/31/2005,0.75
11/30/2005,0.74
12/31/2005,0.68
1/31/2006,0.56
2/28/2006,0.73
3/31/2006,0.63
4/30/2006,0.49
5/31/2006,0.5
6/30/2006,0.66
7/31/2006,0.55
8/31/2006,0.71
9/30/2006,0.65
10/31/2006,0.69
11/30/2006,0.73
12/31/2006,0.79
1/31/2007,1.02
2/28/2007,0.7
3/31/2007,0.72
4/30/2007,0.75
5/31/2007,0.68
6/30/2007,0.61
7/31/2007,0.6
8/31/2007,0.6
9/30/2007,0.6
10/31/2007,0.59
11/30/2007,0.58
12/31/2007,0.49
1/31/2008,0.3
2/29/2008,0.38
3/31/2008,0.74
4/30/2008,0.53
5/31/2008,0.49
6/30/2008,0.49
7/31/2008,0.6
8/31/2008,0.47
9/30/2008,0.61
10/31/2008,0.65
11/30/2008,0.69
12/31/2008,0.54
1/31/2009,0.65
2/28/2009,0.53
3/31/2009,0.54
4/30/2009,0.6
5/31/2009,0.66
6/30/2009,0.65
7/31/2009,0.71
8/31/2009,0.68
9/30/2009,0.73
10/31/2009,0.66
11/30/2009,0.81
12/31/2009,0.67
1/31/2010,0.75
2/28/2010,0.83
3/31/2010,0.91
4/30/2010,0.84
5/31/2010,0.76
6/30/2010,0.68
7/31/2010,0.64
8/31/2010,0.66
9/30/2010,0.63
10/31/2010,0.7
11/30/2010,0.82
12/31/2010,0.45
1/31/2011,0.52
2/28/2011,0.49
3/31/2011,0.65
4/30/2011,0.65
5/31/2011,0.52
6/30/2011,0.61
7/31/2011,0.71
8/31/2011,0.73
9/30/2011,0.58
10/31/2011,0.66
11/30/2011,0.59
12/31/2011,0.61
1/31/2012,0.5
2/29/2012,0.49
3/31/2012,0.57
4/30/2012,0.71
5/31/2012,0.77
6/30/2012,0.65
7/31/2012,0.58
8/31/2012,0.64
9/30/2012,0.71
10/31/2012,0.79
11/30/2012,0.79
12/31/2012,0.53
1/31/2013,0.71
2/28/2013,0.63
3/31/2013,0.67
4/30/2013,0.56
5/31/2013,0.62
6/30/2013,0.71
7/31/2013,0.61
8/31/2013,0.7
9/30/2013,0.77
10/31/2013,0.69
11/30/2013,0.85
12/31/2013,0.7
1/31/2014,0.76
2/28/2014,0.55
3/31/2014,0.79
4/30/2014,0.81
5/31/2014,0.85
6/30/2014,0.67
7/31/2014,0.59
8/31/2014,0.81
9/30/2014,0.85
10/31/2014,0.8
11/30/2014,0.67
12/31/2014,0.8
1/31/2015,0.85
2/28/2015,0.9
3/31/2015,0.96
4/30/2015,0.77
5/31/2015,0.79
6/30/2015,0.81
7/31/2015,0.75
8/31/2015,0.83
9/30/2015,0.84
10/31/2015,1.08
11/30/2015,1.06
12/31/2015,1.16
1/31/2016,1.17
2/29/2016,1.37
3/31/2016,1.36
4/30/2016,1.12
5/31/2016,0.96
6/30/2016,0.82
7/31/2016,0.84
8/31/2016,1.01
9/30/2016,0.91
10/31/2016,0.88
11/30/2016,0.91
12/31/2016,0.86
1/31/2017,1.02
2/28/2017,1.14
3/31/2017,1.16
4/30/2017,0.94
5/31/2017,0.9
6/30/2017,0.72
7/31/2017,0.82
8/31/2017,0.87
9/30/2017,0.79
10/31/2017,0.9
11/30/2017,0.88
12/31/2017,0.94
1/31/2018,0.82
2/28/2018,0.85
3/31/2018,0.9
4/30/2018,0.9
5/31/2018,0.83
6/30/2018,0.78
7/31/2018,0.83
8/31/2018,0.77
9/30/2018,0.8
10/31/2018,1.01
11/30/2018,0.83
12/31/2018,0.92
1/31/2019,0.93
2/28/2019,0.96
3/31/2019,1.18
4/30/2019,1.02
5/31/2019,0.86
6/30/2019,0.92
7/31/2019,0.94
8/31/2019,0.94
9/30/2019,0.92
10/31/2019,1.02
11/30/2019,1
12/31/2019,1.1
1/31/2020,1.17
2/29/2020,1.25
3/31/2020,1.19
